md5,AntiVir,AVG,Comodo,F-Secure,Kaspersky,McAFee,Microsoft,Sophos,Symantec
008ff08765ebe8d874e9513d7b83a9d1,0,0,1,0,0,0,0,0,0
0092eae69b458ccf4c641debc8ba23b0,0,0,1,0,0,0,0,0,0
01273bec34977ece39a9125a038fb7ab,0,0,1,0,0,0,0,0,0
012ac8c64dc6ec115d611f57d1bbd516,0,0,1,0,0,0,0,0,0
01368c1f7fbf53b65c36e0164f0202bc,0,31,0,27,31,31,31,31,0
01d3a9e93f20d9245d8f96cd0ed5cd7e,0,0,1,0,0,0,0,0,0
036ed6fe1aae5cad0ce1d2a9c51dae4f,0,0,1,0,0,0,0,0,0
0452f2354dc30d7ebc648093fb822e2f,0,0,1,0,0,0,0,0,0
0456206510be7afc19b877327a58d2ca,0,0,1,0,0,0,0,0,0
053a1743020ef0ab2a9c6809b6036cc1,0,0,0,1,0,0,0,0,0
059215977aaa34460ca6de037620ec15,31,0,0,0,31,31,31,31,0
05c5b7f0e8c357a51823334631a34528,0,0,1,0,0,0,0,0,0
05c6bf1a81e695a29f94b0918025923c,0,31,1,29,31,31,31,31,0
05df7a03ee80f6c0a1b6dec074e093e2,0,31,0,27,31,31,31,31,0
0744f7bdabb22f9c338a7c585d4d4951,0,0,1,0,0,0,0,0,0
075bbc1a2dcbcd96ba56c109b15ac7e7,0,0,1,0,0,0,0,0,0
07e1fb22b940d96b14d6133793024c6a,0,0,1,0,0,0,0,0,0
0859f181992bb4b113cdb94420347e72,0,28,0,23,30,30,30,30,0
08a26b1346ec78397cdeeb6bc9d21320,31,0,0,0,31,31,31,0,0
0ea60714ff2d1ad585cd3ea4b1adf50f,0,0,1,0,0,0,0,0,0
0f1d6bb72c10364d1ba807b47cba6700,0,31,0,23,31,31,31,31,0
0f51974913a4f5be110ab1069c93e13f,0,0,1,0,0,0,0,0,0
0f6bff6713b031c1ca279f555953a02a,0,0,1,0,0,0,0,0,0
0f76ceb8fd6469621c7ab1c0ce10953d,0,0,1,0,0,0,0,0,0
0f89999f1d97815f3e8a6b936c28d09b,0,0,1,0,0,0,0,0,0
0fab16ad9272bc07cde1506afd89e3e7,0,0,1,0,0,0,0,0,0
0ffdd7810b6a6836cc2c53543952614e,0,0,1,0,0,0,0,0,0
1020ef98049a1b4239448402568e2813,0,0,0,0,0,0,0,0,1
12394a578825565c30506f461e6d5aa3,0,31,0,30,31,31,31,31,1
14cef3cf2aa67a1df490ec5689d87739,0,0,1,0,0,0,0,0,0
14d7b157c571e1ce006c89738448875a,0,0,1,0,0,0,0,0,0
15a5ab2c39940b874047d0f239a63a07,0,31,0,26,31,31,31,31,0
15b2ebe8ef63412b0fc9259d35282b11,0,31,0,26,31,31,31,31,0
16711e6b6403979610a7bc376316836d,0,0,1,0,0,0,0,0,0
1684db226ef7b6f888f20722f5d99fe0,0,0,1,0,0,0,0,0,0
168bf97fa2423eab01d70078887af662,0,0,1,0,0,0,0,0,0
16ad61e9620ef96d0e08fee5907ae5c6,0,0,1,0,0,0,0,0,0
16e213f3517ea64c0be7af7a0abc242e,0,0,0,0,0,0,0,0,1
179802a808b13af9bac14e3a95d842ae,0,31,0,29,31,31,31,31,1
17987a62fe66cb48844b536837ce9080,0,0,0,0,0,0,0,0,1
179db61a8ffd3b0f50ff8369f948efd5,0,0,0,0,0,0,0,0,1
17e02027b72d3c570ea7f1c455b4eda1,0,0,1,0,0,0,0,0,0
18ae0f1fabf222550a58af41fe1ad694,0,0,1,0,0,0,0,0,0
18b446e94ba7d0742d24fab66492b0f8,0,0,1,0,0,0,0,0,0
18c7d778ca1726acc6228fcf6234e3ee,0,0,0,0,0,0,0,0,1
18cea328319a329795c156cc9ef4a56f,0,0,1,0,0,0,0,0,0
196c73960fe487a9effb13330bb4a123,0,0,1,0,0,0,0,0,0
1972aef07be11894ef1454e5be700ad0,0,0,1,0,0,0,0,0,0
197565af00a084a9976be005a8ce3bee,0,0,1,0,0,0,0,0,0
1979ec4f9b87b7191f81594964709984,0,0,1,0,0,0,0,0,0
1aa4447b08531dcb6c29e005f039905b,0,0,0,0,1,0,0,0,0
1b2ffbc757f84ca9c6db692135224a95,0,0,0,0,0,0,31,0,0
1b7fac5aa2716b4fabf944850c2e7bdf,0,0,0,0,0,1,0,0,0
1bb510cb749cb851a8439d6450a13e90,0,31,0,25,31,31,31,31,0
1d419d615dbe5a238bbaa569b3829a23,0,0,1,0,0,0,0,0,0
1ee727ac887e6a2425719ed082fbdbb5,0,0,1,0,0,0,0,0,0
1ef31cf21ea1d943a168d4ea403a833c,0,0,2,0,0,0,0,0,0
1f07e68753ba519e9a556b8e9e5d28c7,0,0,1,0,0,0,0,0,0
1f1ff4b4936ce7bb7bf88888c05c4d14,0,0,0,0,0,0,0,0,1
1f63805a71825bc2191ab7dc6fcc174b,0,0,1,0,0,0,0,0,0
1f6ed8ee2ca567edb853396cedd4594f,0,0,1,0,0,0,0,0,0
207932f99779a18505accf98c2c7eda0,0,0,1,0,0,0,0,0,0
21c7968bb285e109124c7430080091ed,0,0,1,0,0,0,0,0,0
21cbaa953508a0e93d62fad26a74fbde,0,0,1,0,0,0,0,0,0
21e392b8bf644c80e34b5d7a369538c6,0,0,1,0,0,0,0,0,0
21f8fbdf84b762653ea22c77d7d037a6,0,0,1,0,0,0,0,0,0
220afb5d546c740f90fa7c72213808a2,0,31,0,27,30,31,31,31,0
22d3ccabd43ab95d7894cd8b538d34f3,0,0,1,0,0,0,0,0,0
22d8946916e8358cbb46bd53e476b7f2,0,0,1,0,0,0,0,0,0
230565dddf2beaed5bbbad2a85fb4d79,0,0,1,0,0,0,0,0,0
2337b4eb2d426502c3bcc5fb10f8f5e9,0,0,1,0,0,0,0,0,0
24226eb3200cd70fa428275ea10c7f9f,0,0,1,0,0,0,0,0,0
24fc1b1a3aa7638be12ed2dcb3255ee3,0,0,1,0,0,0,0,0,0
2506a3411774b47090a8f40a1752218e,0,0,31,10,0,0,0,0,0
262222c7dc47a945b918747502f48ead,0,0,1,0,0,0,0,0,0
2624a841af54e4f835c2bdbd0753df6e,0,0,1,0,0,0,0,0,0
265a5fef8a9b1fe7b46b70a93ab164d7,0,0,1,0,0,0,0,0,0
269e47e2c1c20d052b32bb59f7873845,0,31,1,21,31,31,30,31,0
26fe6e1c61e63e0a9fa52c4f24b7a67e,0,0,1,0,0,0,0,0,0
2710dbce04ded2eb1c1408491db83bcb,0,0,1,0,0,0,0,0,0
27c562deafcc4569fd02b6895fd8ebc3,0,0,1,0,0,0,0,0,0
2819872024798bea001309a758be4514,0,0,1,0,0,0,0,0,0
282aa862e7b1e42f59ec49b3829419b4,0,31,0,28,31,31,31,31,0
2856dd25ad3d7ed8c7c25c3b1d1a96f3,0,31,0,26,31,31,31,31,0
28761f123364d3be33ca5fdc9da2a299,0,0,1,0,0,0,0,0,0
2877d747bd19c8bd1989f53db050af45,0,0,1,0,0,0,0,0,0
287efb35de219c23151ccd4a19de6221,0,0,1,0,0,0,0,0,0
28c1e90b38cb6c92096646a49f4524d2,0,0,2,0,0,0,0,0,0
290753e3e390835bff5adc16e2bf2df9,0,0,1,0,0,0,0,0,0
2934da9ce76ae8de8098f6580a2f545f,0,30,0,23,31,31,31,31,0
294aa18d98f3ad72177dd3a22f0d7647,0,0,1,0,0,0,0,0,0
29dfcb6305b3120dad56d2b44d77de5f,0,0,1,0,0,0,0,0,0
29ed3c53c5285f16f17912bd57c2d4f2,0,0,1,0,0,0,0,0,0
2a0979171d05f9198daeaa0b9dd346f2,0,0,1,0,0,0,0,0,0
2a731ece80b1923c8ee83fd2d7fef574,0,0,1,0,0,0,0,0,0
2a7f760848af4375d8929eb69fcfd8ff,0,0,1,0,0,0,0,0,0
2a87e179f27d03c380ee1473e078e217,0,0,1,0,0,0,0,0,0
2aae6518166eb2463fa845291a06fbce,0,0,1,0,0,0,0,0,0
2ab22dc65eb32b8afbf42761d27f2954,0,0,1,0,0,0,0,0,0
2b6b9064aaf2c10fc270b879e6e4a991,0,31,0,23,31,31,31,0,0
2b9e2215847737740f73c28361192455,0,0,1,0,0,0,0,0,0
2b9fd09a27296301f386513eeb5daa81,0,0,1,0,0,0,0,0,0
2c694feacc487e8ca591b58c52dfdec1,0,0,1,0,0,0,0,0,0
2c820b8cb729da6dec47ba4ae0b5e9df,0,30,0,0,31,31,31,31,0
2dbf3a4c42fe4f86242b938620c8e502,0,31,0,0,0,0,0,0,0
2dc8134c11f298db8d135dda87eeaef1,0,0,1,0,0,0,0,0,0
2e68cc42b2b373442b692ff53be119ce,0,31,0,25,31,31,31,31,0
2e9efe95f2fc9d802545e61af9dc610e,0,31,1,26,31,31,31,31,0
2ea28ced6fd784609a0db96068e7c659,0,0,2,0,0,0,0,0,0
2eaa1666f9df58cd7eabe5eafdf66b62,0,0,1,0,0,0,0,0,0
2eaad40010c252d65c6e0f0f2e1829ab,0,0,1,0,0,0,0,0,0
3061340dadfa72041f607fe34c7d1c86,0,0,31,0,0,0,0,0,0
3066f3ce27acabcb492732b7903bdcf0,0,0,1,0,0,0,0,0,0
30950e30cc3436edf4dde52857eb4cb2,0,0,2,0,0,0,0,0,0
315ee5f1cf2621fc8478d052400e5c2f,0,0,1,0,0,0,0,0,0
318bb8b8151a13ce147fe39cac1901f4,0,0,1,0,0,0,0,0,0
32318888c053597b61dad26cdd3d8dce,0,0,2,0,0,0,0,0,0
323e2a5dd396045a19fcae1d50a37955,0,0,1,0,0,0,0,0,0
3245748986622df0610d213f3fe8be12,0,0,1,0,0,0,0,0,0
338e0456055b4ee89ff54f95e47e6cd9,0,0,1,0,0,0,0,0,0
33959bb2c48363ddd3637ea78c048b6c,0,0,1,0,0,0,0,0,0
339726543816bae7685548f15ec6aa0a,0,0,1,0,0,0,0,0,0
34fd30812531c3f0ed7409206764640e,0,0,1,0,0,0,0,0,0
35053600123cad2a5f4425ffac1e204c,0,0,1,0,0,0,0,0,0
357a1792fb400fe0cf2093959eaccdb2,31,0,0,0,31,0,31,0,0
3608f0fa72c8a01f39311511658b0d18,0,0,1,0,0,0,0,0,0
371c06274533065c7f47dfc3c180a0d1,0,31,0,26,31,31,31,31,0
376d12dfb60ff669f645a782d72fafd1,0,0,0,0,0,0,31,0,0
383a0b01ac659df37808b00474ffb0b4,0,0,1,0,0,0,0,0,0
3847271dcfa2284f623e139dd3a99a33,0,0,1,0,0,0,0,0,0
3848267bf0baac4c12d83899fd3f6edf,0,31,1,0,31,31,31,31,0
384c550062744559fb897baa22f806f8,0,0,1,0,0,0,0,0,0
39a2750085f256a032f7ffea3c5a1be0,0,0,1,0,0,0,0,0,0
39b4042764ae7378eaa63278efe81c2b,0,0,1,0,0,0,0,0,0
39b8ab14eaf444c6a873685e4fc644d3,0,0,1,0,0,0,0,0,0
3a33ca86f1609a90e4a278de4ac39d52,0,31,0,26,31,31,31,31,0
3cc48ec811732955fad5ea9d884ec908,0,31,0,29,31,31,31,31,0
3d35a418715fb68f0434b983c7ae6d95,0,0,1,0,0,0,0,0,0
3e89feae5bb7c3f99e59d106c665acb3,0,0,1,0,0,0,0,0,0
3ef37a2be0499887cf0cecb15cc4acd9,0,0,0,0,0,0,30,0,0
3f05ecb8250975e19cd5352c962b9fad,0,0,2,0,0,0,0,0,0
3f8d3bc01c54cc1ca7ed9fcfb2c2e9a9,0,0,1,0,0,0,0,0,0
3f96d9f9321dae35df874d65879b097b,0,0,1,0,0,0,0,0,0
3faf9c50458f90bf0648389e5f7ae5e5,0,0,1,0,0,0,0,0,0
3fc0af6356ede150d6eabae4cc9a0bdb,0,0,1,0,0,0,0,0,0
3fe3091b090d6bda556cd03b38b363a8,0,0,1,0,0,0,0,0,0
3ffe1268a2c85f9cda635930f794cabb,0,0,1,0,0,0,0,0,0
40372b3a58aba5ee7d914ef752ac730e,0,0,1,0,0,0,0,0,0
4080136401c1dd506ce173d9c8514454,0,31,0,24,31,31,31,31,0
41021d2fe1f6df30da353de9c2f10f02,0,0,1,0,0,0,0,0,0
42056b7074556817c68cc8d9648a5413,0,0,1,0,0,0,0,0,0
4215b180ad5c3098790177a6342eb467,0,0,1,0,0,0,0,0,0
42bf106f97b78538d23ee8c5f3a13832,0,0,1,0,0,0,0,0,0
42cea19e1248a353ca2d601ecc7e0350,0,0,1,0,0,0,0,0,0
43657555bc398e5fc899f6f730da59ad,0,0,1,0,0,0,0,0,0
440b56b17e412da3c0dff17a654d2808,0,0,1,0,0,0,0,0,0
44254d26b177b95de0b0bc95891d3259,0,0,1,0,0,0,0,0,0
446228ac106dc5ea03fbff4c1d1cf0c7,0,0,1,0,0,0,0,0,0
447ec4bd77a016ceb071412a8ec100f3,0,0,1,0,0,0,0,0,0
452a76b06a69077de4737e4dc25464c9,0,0,1,0,0,0,0,0,0
48048cfbf579c73b9587333d8768c282,0,0,1,0,0,0,0,0,0
481f8317e1d7248b8babf450907ae551,0,0,1,0,0,0,0,0,0
484513a39e0af849fc149d2e30c3b963,0,0,1,0,0,0,0,0,0
4907cae541ace6f2db801d29f89dc4bb,0,0,1,0,0,0,0,0,0
490a91d5d08c5568d1db38c2d0226c14,0,0,1,0,0,0,0,0,0
4934ddd5bdfa5635f946667d66c834b6,0,0,1,0,0,0,0,0,0
49d9450fd36738ae51e3ca3ad1723c99,0,0,1,0,0,0,0,0,0
49e4bc2be5672fefdfa09c6842948d40,0,0,0,0,0,0,0,0,1
49e611a63e91905025e30b8a370e944c,0,0,1,0,0,0,0,0,0
49e692ca1f0166578b227519abdcc5cf,0,0,1,0,0,0,0,0,0
4aef6b9a3131b7093f73a317cfff9724,31,0,0,0,0,0,0,0,0
4b13c0bd996fc4d4238fc1cd0a99d9e1,0,0,1,0,0,0,0,0,0
4b57c1f2c62bf4993ba4464a834fff9c,0,0,1,0,0,0,0,0,0
4c685036e257030b7cf68dcd2db3f080,0,0,1,0,0,0,0,0,0
4c921b9925937e2d5efc2952aff82df7,0,0,1,0,0,0,0,0,0
4cb811ab53c1f4a1bf8680f5608e1e64,0,0,0,0,0,0,0,0,1
4cc3b1e1b11d695d6529caa0962d1551,0,0,0,0,0,0,0,0,1
4cd931c2ecf5f0ea738bda393a2d783a,0,0,0,0,0,0,0,0,1
4d4c2729b8aa56e70eaf9ef84e9d5d3d,0,0,1,0,0,0,0,0,0
4d4da8301739909a1679aee35d49e303,0,0,1,0,0,0,0,0,0
4d56562a6019c05c592b9681e9ca2737,0,0,1,0,0,0,0,0,0
4db6dca8c8a2832fae20702584bb9808,0,0,1,0,0,0,0,0,0
4dcdb7c4b033d1450849266651094049,0,0,1,0,0,0,0,0,0
4ddfe429dd82f855b9e3819e7fe8d056,0,0,1,0,0,0,0,0,0
4de9c77a09c8c0a86a80fe84705c795e,0,0,1,0,0,0,0,0,0
4dedd737d500edaef8ba7e6dcb63f3b3,0,0,2,0,0,0,0,0,1
4df00987ef28706149dee6078d6655fc,0,0,2,0,0,0,0,0,1
4dfb752ecc2baa400400a4463c27d9bb,0,0,0,0,0,0,0,0,1
4e1939db785f0b38655c1f499e5c0f4e,0,0,0,0,0,0,0,0,1
4e7d70289836ba97bb785a1cca6c4300,0,0,1,0,0,0,0,0,0
4e815753e69eb0ac7a5c8d1a484f5de1,0,0,1,0,0,0,0,0,0
4f1f9875c719075fd681dc76d79475bb,0,0,1,0,0,0,0,0,0
4f755c95499e044866383d30a62a507d,0,0,1,0,0,0,0,0,0
5010e808c2795fffe26304a023e8ded3,0,31,0,28,31,31,31,31,0
5049ba1448ccbc36e30c2bf0bb72ce14,0,0,0,0,0,0,0,0,1
51bcec561e0cafca4444ad88949a8396,0,0,0,0,0,0,0,1,0
524ccd72f3e7e889d1e10f608ce83559,0,0,1,0,0,0,0,0,0
524ea77366478d519fe0f10d805d929d,0,0,1,0,0,0,0,0,0
5281001fa087cc8e48524571e263cdd4,0,0,0,0,0,0,0,0,1
52880da17ca7306d16befc5fd2a8dd51,0,0,0,0,0,0,0,0,1
53a07386bfb9621da448965410b8c2c3,0,0,1,0,0,0,0,0,0
53c0e47b8a730b6b9f5cf4dd89dc3db0,0,0,1,0,0,0,0,0,0
53cf6d5c15d7203f169612ca6a38002b,0,0,1,0,0,0,0,0,0
53d59e26d6445ead45d7c74a63abbb75,0,0,1,0,0,0,0,0,0
5404eb45ecfbc8714da2c2c73c5f9cc8,0,0,1,0,0,0,0,0,0
540bac311500047ee755e0661dda418d,0,0,0,0,1,0,0,0,0
54b372d33b60f59a36ae5a86b4fb5e6e,0,0,0,0,0,0,0,0,1
54d8d181e73231fbcad0d4bd4872c0d0,0,0,0,0,0,0,0,0,1
54d998bf27daf828f1e7e02c184ad1b7,0,0,0,0,0,0,0,0,1
551f430a0551f53f5f8c8be9ce820e2d,0,0,1,0,0,0,0,0,0
55ee25ea8a059994c9f1f672228171b6,0,0,1,0,0,0,0,0,0
55f74bb3493ffe272d65173426892291,0,0,1,0,0,0,0,0,0
57d16cfaa22ed7352f6c61c1b94ce880,0,31,0,27,31,31,31,31,0
580c735913c96804e1d020a148ea2cba,0,0,1,0,0,0,0,0,0
580e9fcc24fddf6b9d90285f4f25a757,0,0,1,0,0,0,0,0,0
581407f8e8843ef294538ac53a9c59ad,0,0,1,0,0,0,0,0,0
58413844ad501c0fb513e0031dade4f4,0,0,1,0,0,0,0,0,0
58a4a4bbba4d75dbc6c6c7c9b439955d,0,0,1,0,0,0,0,0,0
58b007a5ac13295896afb1252f69355d,0,0,1,0,0,0,0,0,0
58cecb4a00d3f0ebd56e7675c17e12b2,0,0,1,0,0,0,0,0,0
58e4c59196a34c742d1e595ed6c7976a,0,0,1,0,0,0,0,0,0
5939ccf56fa16450f633eeb1c8bc0592,0,0,1,0,0,0,0,1,0
5949053905efad09ea42402b71845281,0,0,1,0,0,0,0,0,0
595673fac780251f8083e688c7c381cd,0,0,1,0,0,0,0,0,0
595f4670101426db86b4bc651acd3547,0,0,1,0,0,0,0,0,0
596479fe00cd1b78d189835edd073e68,0,0,0,0,0,0,0,1,0
59b47801f7552136939c6aaedc28d59f,0,0,1,0,0,0,0,0,0
59b610740936009775af44919c08ca4f,0,0,0,0,0,0,0,0,1
5a396a5e987529382769e4a222f5965e,0,0,0,0,0,0,0,1,0
5a4ca51d535094283b4385727c117bcf,0,31,0,28,31,31,31,31,0
5aec43dd6ebebc2663aa2cc1e387098f,0,0,0,0,0,0,0,0,1
5bfa87b8b4dfa273093ccba65890d3e4,31,0,0,0,31,31,31,31,0
5c2fa643b73edf7f3930d5796168fbfe,0,0,0,0,0,0,31,0,0
5c4a8b9891b2dd71d8df0f290ce416b9,0,0,1,0,0,0,0,0,0
5c51db9cb5a70749d78099b49b4675d3,0,0,1,0,0,0,0,0,0
5d8cfc6bdf137c263a799518c172a542,0,0,1,0,0,0,0,0,0
5d90d4b40e91072cbaa908fe401792ad,0,0,1,0,0,0,0,0,0
5dfda23e5d5e2a40c8c21f64729845d1,0,31,0,0,31,31,31,31,0
5f27b4d5669aac89b2468620643119ad,0,0,1,0,0,0,0,0,0
5f29ff8ead96c7ec23d54f10078dbe60,0,0,1,0,2,0,0,0,0
5f309968b776636424adbc38a412f99e,0,0,1,0,0,0,0,0,0
60234656b5bdd9899a72dee44090d67d,0,0,0,0,1,0,0,0,0
607a710f446de466fcb3be1e5c189c71,0,0,1,0,0,0,0,0,0
611ef1f93e2d92ff0ef502b3bf80012b,0,0,1,0,0,0,0,0,0
61387980d7def273b3399525dc3794e2,0,0,1,0,0,0,0,0,0
61e10e953f19d3469f6e3395e22bdda5,0,0,1,0,0,0,0,0,0
6380f8c47ad52f495932c81208afa1f6,0,31,0,25,31,31,31,31,0
6553a159fd06d01d5638fe2e95cce53e,0,0,1,0,0,0,0,0,0
6782f20fac49aebed47d883e5292180e,0,0,1,0,0,0,0,0,0
67b5b816f94ff132ff05d0964a532c39,0,31,0,0,31,31,31,31,0
683025012c02c7b9c04a7fb9232ea9ad,0,0,1,0,0,0,0,0,0
6887cb1517ab27f664d482668dc1ef6f,0,0,1,0,0,0,0,0,0
691a2937aae17e35725402e4699d642c,0,0,1,0,0,0,0,0,0
69228852112c5bb6a091ca4551125772,0,0,1,0,0,0,0,0,0
69b7a8b84c21486950e91b6ae7d53afc,0,0,1,0,0,0,0,0,0
6c6772ecac6220aa56316473178a10b6,0,0,1,0,0,0,0,0,0
6c68f43c548bebd24550fe2b2d07ae77,0,0,1,0,0,0,0,0,0
6d191afc7e6ba0dce376ebf92cd0f98e,0,0,1,0,0,0,0,0,0
6d6e14af77ae6ba7c7233896a46d251f,0,0,1,0,0,0,0,0,0
6dca4bf9a5529b25fc4b21e1d2e92491,0,31,0,27,31,31,31,31,0
6e3e130827e19c82302682caf9518958,0,0,0,0,0,0,31,0,0
6f8284a2990f504995948ab458779ce0,0,0,1,0,0,0,0,0,0
6fbf32374b5e4d9b3a6e6f28a219bcec,0,29,0,26,30,29,30,30,0
6fc43ceaff04bdc9dd8a9aa96db3f3d6,0,0,1,0,0,0,0,0,0
6fc66227f3f7c6d776eeb3cdeb6e2092,0,0,1,0,0,0,0,0,0
6fcf1f7ff4e39cf2696e843a50c9a083,0,0,1,0,0,0,0,0,0
6ff1d623c37e468c98082e2ff47f72f2,0,0,1,0,0,0,0,0,0
7141633abb85db716105e7ab89804c86,0,0,1,0,0,0,0,0,0
714e1791be8ea95813c465e0a0d50cd4,0,0,1,0,0,0,0,0,0
716840409c7f0f9f14f5306bfd80d968,0,0,1,0,0,0,0,0,0
73b1e3067e6c46b61862f15e02d82d29,0,0,1,0,0,0,0,0,0
74473505ef968e2f8cd764d9af12adb2,0,0,2,0,0,0,0,0,0
746413976f56dbf34ec18dc044c7ecea,0,0,0,0,1,0,0,0,0
749c6e2c79da7d6b072909ad8cfdd035,0,0,1,0,0,0,0,0,0
767237342978a7f843235a89f8de03a2,0,0,0,0,30,0,29,0,0
783faa1ae7869adf1a156e43b19dc920,30,0,0,0,0,0,0,0,0
7867de13bf22a7f3e3559044053e33e7,0,0,1,0,0,0,0,0,0
78f2c429414cf802011ba968d6a9260a,0,0,1,0,0,0,0,0,0
797ea7cc186a9c82a17150e8bbde5ab3,0,0,1,0,0,0,0,0,0
7a02b8f094e69673d1c7a6fd5df6f1ee,0,0,1,0,0,0,0,0,0
7a02f36cd3bca0236c61e9a58abbca39,0,0,1,0,0,0,0,0,0
7a170fa2fcd8fd36f2f0ef7962a7264b,0,0,1,0,0,0,0,0,0
7c84915a299f4237b7994c634668f676,0,0,1,0,0,0,0,0,0
7cdefa998d4744b099cae67074001645,0,0,1,0,0,0,0,0,0
7d4a3f04adfdbab866cfc73c76cd16c2,0,0,0,0,0,0,0,0,1
7d4a9b9f1314fdf88b5a2c8b2e6abbc1,0,0,0,0,0,0,0,0,1
7d578f0f84af25aa02ee174d2d9b0ff2,0,0,0,0,0,0,0,0,1
7d69e69c2aa1379ff76cde37af27bca6,0,0,0,0,0,0,0,0,1
7d94879297c161d92872d1072c8bed10,0,0,0,0,0,0,0,0,1
7e0ad3cdde1d36de8e5eaa1b41119fee,0,0,2,0,0,0,0,0,0
7e3ce739f2a03c89499c3581482a6cae,0,0,2,0,0,0,0,0,0
7eea00e916bdf9e94507ffdf7de8fd6f,0,0,1,0,0,0,0,0,0
7eec120adc880d72f05d8557ffee7d3a,0,0,1,0,0,0,0,0,0
804d14eab744981e32f11c14753d3e7c,0,0,1,0,0,0,0,0,1
805145c2b612f4fc237b44a690e4d3ae,0,0,1,0,0,0,0,0,0
8083ece7b5ed9cbd4693792ad1a0e759,0,0,1,0,0,0,0,0,0
8128f4a8694dd6866d49915e8c65bdc9,0,0,1,0,0,0,0,0,0
81cee738f9da947172c1977cd67d69d7,0,0,1,0,0,0,0,0,0
81d30152fc95f08935ed4f59982f944b,0,0,1,0,0,0,0,0,0
8245cc7118d1a02dc945b92e080eabbc,0,0,1,0,0,0,0,0,0
824d88bc2e1618eb9ef0a9c2ecd69f38,0,0,2,0,0,0,0,0,0
825166b69861d6b3544d2e6143e08df9,0,0,1,0,0,0,0,0,0
82669de003c7ab13df0797079b87faa1,0,0,1,0,0,0,0,0,0
82d90c4f9d4731a02ca51af05e525adc,0,0,1,0,0,0,0,0,0
834dd9c5985f074abe9919fefec95cf2,0,0,1,0,0,0,0,0,0
834fe8c5ece7f1ede09d85cfc99c21ac,0,0,2,0,0,0,0,0,0
835612a9014d28d837c93e9e647745fe,0,0,1,0,0,0,0,0,0
841196be3fd3510b99049598906af7b9,0,0,1,0,0,0,0,0,0
85aa313919c3402dd92dd41df8feecf6,0,0,0,0,1,0,0,0,0
85cab942820518444ff15fcb0f840f81,0,0,1,0,0,0,0,0,0
86af3b2df0a55d1215b9e4ab519af212,0,0,2,0,0,0,0,0,0
871481d7f047f3884e19f1421ee4cb67,0,0,1,0,0,0,0,0,0
874c19ac221b3ec179dcba8b6810007f,0,0,0,1,0,0,0,0,0
876c487dc3f004239557b941f5bd148f,0,0,1,0,0,0,0,0,0
881113778921cb43aeca27c6f526e9f4,0,0,1,0,0,0,0,0,0
89bb885f9f342af49be5de323bd39473,0,0,1,0,0,0,0,0,0
8a13155193af89eeed22e77f9fca91de,0,0,1,0,0,0,0,0,0
8a383ef45f8e0d52cf87d5b880bd8ec0,0,0,1,0,0,0,0,0,0
8adaf7b431b9f05ff8189c4766213ba7,0,0,1,0,0,0,0,0,0
8b031607b80fb7977e0698e548b7965e,0,0,1,0,0,0,0,0,0
8b1a7f6bbcfff729aa3330339d33ba86,0,0,1,0,0,0,0,0,0
8b1b043a58045c6d79fee11411e7cdda,0,29,0,20,30,30,29,29,0
8b44030d6ad802c205a45180214a52ca,0,0,1,0,0,0,0,0,0
8b48f59fb263b1b3ed5f9f2a8cd8fd26,0,30,1,25,0,0,30,0,28
8c7b63d78b7d9515243e3b45e2229b40,0,0,1,0,0,0,0,0,0
8d710160763ecce579591d1b6afaf310,0,0,1,0,0,0,0,0,0
8eb62e64456baf6625a79d63bda58b3d,0,0,1,0,0,0,0,0,0
8fa90989a441927a12561112f9389d10,0,0,0,0,0,0,0,1,0
8faa051ede93d60e4db6b9c11fdde0f4,0,29,0,25,30,29,30,0,0
908f7f11efb709acac525c03839dc9e5,0,0,1,0,0,0,0,0,0
90e02a26204ade7771acf7e8521bdf09,0,0,1,0,0,0,0,0,0
91e1bde3637f0c47e8fda7d3a91810f9,0,0,1,0,0,0,0,0,0
91ebb3f4a05ceb96ab3f93e02e6569c5,0,0,2,0,0,0,0,0,0
92102d1ed45284d6cdc77426293cd66b,0,0,1,0,0,0,0,0,0
92d4f3757988ee31538b104b9a6c2b10,0,0,1,0,0,0,0,0,0
92ee0faa9b0f755f2701e78982c1e68f,0,0,1,0,0,0,0,0,0
938bace2835767e1dc93a11a96a7a2fd,0,0,1,0,0,0,0,0,0
93c2dac7b10bfa7d5c846693ff1d8aaa,0,30,0,26,30,30,30,30,0
943e1b889af42988f4f2bc5ac75dc695,0,0,1,0,0,0,0,0,0
9459490c93b0aa1ba5218510e365eba4,0,0,2,0,0,0,0,0,0
946bd207ea99d317a0d406dd8c943d62,0,0,1,0,0,0,0,0,0
94a0cd3ebcc25f5ca842f10489173e66,0,0,1,0,0,0,0,0,0
95de88f61ce23c22e123502417c36180,0,0,1,0,0,0,0,0,0
95efa15549414cdef7872e53b54d7042,0,0,1,0,0,0,0,0,0
95fc53f82f1aa2c643d0f591ed1ea32c,0,0,1,0,0,0,0,0,0
961cfb405f6aa100bf6a3d66507eda18,0,0,1,0,0,0,0,0,0
961edfd59835370ecfa9e3750a689792,0,0,1,0,0,0,0,0,0
962a8f46a4625916c38a2822dcf598ed,0,0,1,0,0,0,0,0,0
962c8f7fa948996b8b4e496a89e07d38,0,0,1,0,0,0,0,0,0
963d5f0844c5c115428f66037915450b,0,0,1,0,0,0,0,0,0
9716d321619180490f442584b190f78e,0,30,0,24,30,30,30,29,0
97290949cdbed60a9241892a7d709b24,0,0,0,0,1,0,0,0,0
9729536dbfd5062aebe77031ec0c60df,0,0,1,0,1,0,0,0,0
977e6ecfcc7e20176383422c754dc47b,0,0,1,0,0,0,0,0,0
998e97b93032e08e7643d83ecd597942,0,0,1,0,0,0,0,0,0
998fef914195aa85d76f4b1182d8d2e0,0,0,1,0,0,0,0,0,0
99956824d4ed97e89a8da41ee4ed3461,0,0,1,0,0,0,0,0,0
9a0d3cce023530007820e85083b4d354,0,29,0,28,30,30,30,30,0
9a1b62f2f70ba16d24d908e601116454,0,28,0,26,30,29,30,30,0
9ae09db00272f0e81b13283f53ed5a4e,0,0,1,0,0,0,0,0,0
9c0e783c72c269b2b4820dab784448db,0,0,1,0,0,0,0,0,0
9c86676ffc075aa4b5ad105ead96ac59,0,0,1,0,0,0,0,0,0
9c9d6feb0c02194a4b653ca82aaf6d00,0,0,1,0,0,0,0,0,0
9cb330c08de29774c9b1ad105a59b1da,0,0,1,0,0,0,0,0,0
9d1ed38c0f6df195d833c04b77bc9635,0,29,1,27,30,30,30,30,0
9d282609bde8990b5646da0fb5bc5e5f,0,29,1,0,30,30,30,30,0
9d35b42928fad40656fdafef769f22d6,0,0,1,0,0,0,0,0,0
9d52062b3084ebb3b1e7cd4963545b97,0,0,1,0,0,0,0,0,0
9eac22146c9832eabf11108c19491549,0,0,1,0,0,0,0,0,0
9ee6a3cb68f7e8c4d1b42225bdaf0d7a,0,0,1,0,0,0,0,0,0
9fb1c1083df787dc21a250eac627b595,0,0,1,0,0,0,0,0,0
a096d1d49a4305d7c5509c6ed1f95d55,0,30,0,27,30,30,30,0,0
a0b53ac92d1fc49f83a5bbf874d0f743,0,30,0,27,30,30,30,30,0
a102f00b8029f27d08f983e39a2e6daa,0,0,1,0,0,0,0,0,0
a1a9c37a6358d54905919b5eb04e9edd,0,0,1,0,0,0,0,0,0
a213a5d465040c96437a7b248d1bbb02,0,0,0,0,0,0,0,0,1
a287f3d91f5c01ee0f7388e2b4d6aaea,0,0,1,0,0,0,0,0,0
a2e01e070e4b25b8feb2fdaa43d9d5cf,30,0,0,0,30,30,30,0,0
a3a78d54f2f689c18ae90fb60918d052,0,0,1,0,0,0,0,0,0
a50fc8aecd00c0276cd48f0dc79a01f9,0,0,1,0,0,0,0,0,0
a56df345f102574ffb6af2c4fd475212,0,0,1,0,0,0,0,0,0
a5f4dcfcc5462f3545ba057785b44111,0,0,1,0,0,0,0,0,0
a60bd9481a518c089649fb1faf52482d,0,0,0,0,0,0,30,0,0
a62b80c3f3a578910b539a7937e09af9,0,0,1,0,0,0,0,0,0
a69141d37204d3de2144280d20e5d490,0,30,0,21,30,30,30,30,0
a6dab4945dbb408ee191f10517f206fc,0,0,1,0,0,0,0,0,0
a716ce27fc9173edc3cc8178053db8d8,0,0,1,0,0,0,0,0,0
a757558891fd46f8a821f67617bed0cd,0,30,0,25,29,30,30,30,0
a80d73ace337159beadc2fa0b16b42d5,0,30,0,27,30,30,30,30,0
a96efc246da64c93a220374f9fad88b6,0,0,1,0,0,0,0,0,0
a977e95cc0003efd788db267afabd923,0,0,1,0,0,0,0,0,1
aa0e18dc0fb1e23547c8378487ad120d,0,29,0,25,30,29,30,29,0
aba76a3c6b8dc019279440764440722e,0,0,0,0,1,0,0,0,0
ac2a726c74572b37dd0a430ebf1a69cd,0,0,1,0,0,0,0,0,0
ac9aa299c1dfc1c274c4739c3e43bad3,0,30,0,23,29,30,29,29,0
add2d83842d6f69ce8a3399b96f4301f,0,0,1,0,0,0,0,0,0
ade4caeb76159fab1366186a06c6919f,0,0,1,0,0,0,0,0,0
ae060f26cf7b58a5ea21a16e9640c4c5,0,0,1,0,0,0,0,0,0
b0608351ad1fec405e59641635c32f09,0,0,2,0,0,0,0,0,0
b081022fc581decf4c8640dbc74a9198,0,0,1,0,0,0,0,0,0
b0a2c1dac98fbf1972848a8b89755bde,0,0,1,0,0,0,0,0,0
b0ab09aebb38e963239d48ec72c78d89,0,0,1,0,0,0,0,0,0
b15588acc2667d9a88a3bf03f367c612,0,0,1,0,0,0,0,0,0
b15b80ed437506ecfe296a8b4d5d64c0,0,0,1,0,0,0,0,0,0
b1cd94b39f3eb53bb9b651023456c972,0,0,0,0,0,0,0,0,1
b1dc705793f2b1941051e5aecc1e3b6e,30,0,0,0,30,30,30,30,0
b205303560f30c286be558f5d9350266,0,0,1,0,0,0,0,0,0
b29d79b0bf961834bb18300f384db3ea,0,0,1,0,0,0,0,0,0
b3c39193d5d0a2e433ec1621d92d9b42,0,0,1,0,0,0,0,0,0
b3c4b3184da115c11e6d1f52491fc4ce,0,0,1,0,0,0,0,0,0
b47a02addaff949dab464a132873a459,0,0,1,0,0,0,0,0,0
b4d05f135f22cebe47405e9f5b45cf92,0,0,1,0,0,0,0,0,0
b4d9dd3a19e7fdd2211d81983f8e4d75,0,0,1,0,0,0,0,0,0
b4f2a1266aca3dfc06551965828ba83c,0,0,1,0,0,0,0,0,0
b62c8c4273fe795268a82c9d2aadcb72,0,0,1,0,0,0,0,0,0
b65a280af8562222e650dbdf0e0c1971,0,0,1,0,0,0,0,0,0
b695f0cc34873adbb43e7f9a0ecd0362,0,30,0,24,30,30,30,30,0
b7dff49b989b266d1a48e7de3bfe5e2e,0,30,0,0,30,30,30,30,1
b81aa8725f31dd803b41ba4aad88955a,0,0,1,0,0,0,0,0,0
b86d14d4655cc47d8752271bc76022d4,0,0,1,0,0,0,0,0,0
b8ce8003c5bed283043ced737625f7ee,0,0,2,0,0,0,0,0,0
b92ac688b2e9abbda5a553bbf2ac8ef2,0,29,0,22,29,30,30,30,0
b993efff8114e1698b531eb768f6e997,0,0,1,0,0,0,0,0,0
bc035b5b8c3ce1410c1eeadfba56bf97,30,30,0,27,30,30,30,30,0
bc9d30d59788c70060d7eabd6ab5e663,0,0,1,0,0,0,0,0,0
be18a85f793795dd35a4baeddead081d,0,30,0,25,30,30,30,30,0
bf51c9f7d054305ef7b1bf4634234091,0,0,0,0,1,0,0,0,0
bf801baf1cfbc5876480e6f6a489fb48,0,0,0,0,1,0,0,0,0
bfbc559af94d6405ccfe2b11a9328a9c,0,0,0,0,0,0,0,1,0
c084338625404371b4365cf05c4238df,0,0,1,0,0,0,0,0,0
c1705de4eb57f45e1f1e77e12edec677,30,0,0,0,30,30,30,0,0
c1c6b4d7e98531f1bf2c50ac27e2c40c,30,0,0,0,0,0,0,0,0
c3852074ee50da92c2857d24471747d9,0,0,1,0,0,0,0,0,0
c392f785a37f96bdd6dc6704630273aa,0,30,0,23,30,30,30,30,0
c4de4f485ca7d9c572328f5bb142375a,0,0,1,0,0,0,0,0,0
c5795fef5551cc0f74c787c53ea5b0ca,0,0,1,0,0,0,0,0,0
ca5ed3d00f1f57f88951b4d70382998a,0,0,1,0,0,0,0,0,0
ca82eebf6693a49e9219c4a5bf76e9e9,0,30,0,0,30,30,30,30,0
ca974e4fef82f22a2431c8f8adf9a70f,0,30,0,24,30,30,30,30,0
cae4b7963f5e43033664299a4d5bd176,0,0,1,0,0,0,0,0,0
cd02a90ba7b767db66d7780c1e6c6bb4,0,30,0,23,30,30,30,0,0
cd27f6eb1f6c09b035ebeba457d25410,0,0,0,0,0,0,0,0,1
cd3688e1072bcb92be53afe53c4dc018,0,0,0,0,0,0,0,0,1
cd491d8faaad0924c97a132910ffd89c,0,0,0,0,0,0,0,0,1
cdfcd91b8c5ff4dc6a2985cc4392c0f7,0,0,0,0,1,0,0,0,0
cf94cd781ac13083614fc20dc73a73f4,0,0,1,0,0,0,0,0,0
d00fede3e31a3815c5e31a8167cca75b,0,30,0,26,30,30,30,30,0
d11ec6bd3c2a3cb7c13d1769f19c98f3,0,0,1,0,0,0,0,0,0
d126f5295ca53be830378663943b2b0d,0,0,1,0,0,0,0,0,0
d18ddb67a335f44c93cccc93b1b35cf9,0,0,1,0,0,0,0,0,0
d2712a41f9effba84c4b11b0883ac8e3,0,0,1,0,0,0,0,0,0
d30313a8b460d19f02f8ba772946d715,0,0,0,0,0,0,0,0,1
d3174b5708225fede1acddae4defbef9,0,0,0,0,0,0,0,0,1
d357295b7f58241510f80cef679a95fd,0,0,1,0,0,0,0,0,0
d45895e3980c96b077cb4ed8dc163db8,0,0,1,0,0,0,0,0,0
d501a442d30ad045c55bbdbc4ee5e3b2,0,0,2,0,0,0,0,0,0
d544bebfaabe77f111f3b69363831a3b,0,0,1,0,0,0,0,0,0
d67fbc12331180fa6537f95795f38aa9,0,0,1,0,0,0,0,0,0
d6c023a41121f81c905defb2a59f0497,0,0,1,0,0,0,0,0,0
d6f0d213e07b495ee297ed9a6bb947a4,0,0,1,0,0,0,0,0,0
d749cd5a43ec0f237853f0b134a46928,30,0,0,0,30,30,29,0,0
d80241bbe4f555ad8d55be98c099d1eb,0,0,1,0,0,0,0,0,0
d8d008b17ffc5f4408320c3e0f48f291,0,0,1,0,0,0,0,0,0
d8ffc3c11a59932b548ee1c531e7c967,0,0,1,0,0,0,0,0,0
d90b4a84515f3a4d7d4ca716d9263a5e,0,0,1,0,0,0,0,0,0
d96bb1424cc1db19a2a8cb0ace5380c7,0,0,1,0,0,0,0,0,0
d988e96384bee14284aadc3b75c1f5e7,0,0,1,0,0,0,0,0,0
db154df62ee936a58f87c2304dc05725,30,0,0,0,0,0,0,0,0
db6103e97d3cc799a251da0da7527ecc,0,0,1,0,0,0,0,0,0
db6378de7475f202b5d723b4be2dd932,0,0,1,0,0,0,0,0,0
dbc8c74ef7051aaf02fe54b02fd77de0,0,0,0,0,0,0,30,0,0
dc2b09831f7cbe44349e42656de798e4,0,0,1,0,0,0,0,0,0
dca8713db4f5b7b84a66b51d925e7f9c,0,0,1,0,0,0,0,0,0
dcdfb927a2f7f4f910b0759fc63655c8,0,0,1,0,0,0,0,0,0
dd31d3c9cfffbf91e797796fdc365460,0,0,1,0,0,0,0,0,0
dd38ee114cae3ef914c97eb3be45e47e,0,0,1,0,0,0,0,0,0
dd8cd66e031610784b3ceb9db386e756,0,0,1,0,0,0,0,0,0
ddfef7c33ef0b4708e33be6461a21765,0,0,1,0,0,0,0,0,0
de482805ed85ae9a29d0491bb421df97,0,0,1,0,0,0,0,0,0
de85ae919d48325189bead995e8052e7,0,0,1,0,0,0,0,0,0
de8ef4761ef3ad1e198909066d04b412,0,0,0,0,1,0,0,0,0
deffdf68e848d5e5c0e2019b16bc05e2,0,0,1,0,0,0,0,0,0
dfb49e4b47f046db59d986a477260d28,0,0,1,0,0,0,0,0,1
dfb91c2048de7a077fb65effe888a569,0,0,1,0,0,0,0,0,1
e065bdb76427c1467b9f933dfe829a3e,0,0,1,0,0,0,0,0,0
e07fdbb4e7c2094ba8e4c05dc60659a3,0,0,1,0,0,0,0,0,0
e088d5f5da3da1f48bcf30a63d7530e1,0,0,1,0,0,0,0,0,0
e0b7f9f04e784ff4b235f762f547136a,30,0,0,0,0,0,30,0,0
e15be96a41281a30a1f1b8924c48103d,0,0,1,0,0,0,0,0,0
e2728bb4f340fe115d998545549a6545,0,0,1,0,0,0,0,0,0
e3aa7fc4c9590ecb7861d2c3f54db2ed,0,0,1,0,0,0,0,0,0
e66648edd59393ebb7c1466b117a7eb4,0,0,1,0,0,0,0,0,0
e6804c55075453de7f77cf5cad95b83d,0,0,1,0,0,0,0,0,0
e76a8392ff3419452ef487d8489423e0,0,0,1,0,0,0,0,0,0
e7db446492cd210a12ac45c716780a49,0,0,1,0,0,0,0,0,0
e89cacb01fd674889e59f3a7111b426b,0,0,1,0,0,0,0,0,0
e924bf96b06eaaee0b70079b0fd9444a,0,0,1,0,0,0,0,0,0
e93638ef4dbc60c2abbf335d586f35b8,0,0,1,0,0,0,0,0,0
eada13d017432d72f2ccc175e37f37c9,0,0,1,0,0,0,0,0,0
eadad3b8877470ec618917393cb36a31,0,0,1,0,0,0,0,0,0
ebf97d2638647883fd68ebf87fe1a782,0,0,1,0,0,0,0,0,0
ec16065c11cbc18d4be67935ded0e62a,0,0,1,0,0,0,0,0,0
ee6ad883b2e45fe6b47ba8d1c1e2b0a9,0,30,0,28,30,30,30,30,0
ef76dbe2f3885f3002d4b4f1e775469e,0,0,1,0,0,0,0,0,0
f01982950b6e61c7e556850046d3d98f,0,0,1,0,0,0,0,0,0
f21e22c9db760f50df124b7d5581e236,0,30,0,27,30,30,30,30,0
f24272f65c43dd197b7bf88bed476d22,0,0,1,0,0,0,0,0,0
f34b60d2b386047ade8976408387b057,0,0,1,0,0,0,0,0,0
f40e0083050bae2a8a27815f2d346f84,0,0,1,0,0,0,0,0,0
f4d56bac967e0217a0049fe717cc634b,0,0,1,0,0,0,0,0,0
f547880299036fe1fec5e754a5088c59,0,0,1,0,0,0,0,0,0
f5fbd1189db83db22d7e6cdb55eed193,0,0,1,0,0,0,0,0,0
f6345b7a30ab301762cb49adf7f78425,0,0,1,0,0,0,0,0,0
f6e58e1e73f44efded03df011b2b4bd9,0,0,0,0,0,0,0,0,1
f6f2884d8ba66424bc10ca33c57f04dc,0,0,0,0,0,0,0,0,1
f74c673da09c19d97c3ebc87899471cb,0,0,0,0,0,0,0,0,1
f9201853d318a4b1bae923df788fda63,0,30,0,25,30,30,30,30,0
f97350d56b418c93b4fc2ac08e987e41,0,0,1,0,0,0,0,0,0
fb93c86e54734bd3403423a97de9112c,0,0,0,0,0,0,30,0,0
fc3ef452717d17edda3c1bc33df00e6c,0,0,1,0,0,0,0,0,0
fd4308a961f1dd0333fec007c521c0b5,0,0,1,0,0,0,0,0,0
fe8c3e3dc6a81cfe453a02b21c47b2ce,0,0,1,0,0,0,0,0,0
feb643c489c048083554aedac50126a9,0,0,0,0,0,0,0,0,1
